timestamp,open,high,low,close
2019-10-15,331.4400,331.6400,331.2200,331.4700
2019-10-14,331.7300,332.5400,331.5700,332.2500
2019-10-13,331.7700,332.0600,331.5100,331.9600
2019-10-11,331.7700,332.3500,330.6500,331.4700
2019-10-10,333.8200,334.3200,331.6700,332.0300
2019-10-09,333.7600,334.6600,333.4400,334.1400
2019-10-08,332.9900,334.6600,332.8900,333.7200
2019-10-07,332.0400,333.7600,331.9100,333.2400
2019-10-06,332.3300,332.6900,332.1400,332.1800
2019-10-04,331.8800,332.8800,331.6300,332.4300
2019-10-03,333.4900,333.8100,331.6800,332.2000
2019-10-02,335.0700,335.6400,333.3100,333.5600
2019-10-01,334.5300,335.7500,334.0300,335.1000
2019-09-30,335.1300,335.5600,334.1700,334.5700
2019-09-29,335.1200,335.3600,334.7700,335.1600
2019-09-27,335.2300,336.2400,334.5100,334.9800
2019-09-26,333.7900,335.6400,333.1900,335.4000
2019-09-25,333.3900,334.9700,333.1200,334.0600
2019-09-24,334.7300,335.9900,333.2200,333.3000
2019-09-23,333.4500,335.2900,333.0000,334.8500
2019-09-22,333.6800,333.8200,333.3200,333.4000
2019-09-21,333.5700,333.5700,333.5700,333.5700
2019-09-20,331.8700,334.2800,331.7100,333.4500
2019-09-19,332.5500,333.4000,331.5300,332.2300
2019-09-18,333.2700,333.7100,332.3200,332.6400
2019-09-17,331.7600,334.2500,331.7000,333.5500
2019-09-16,331.3000,332.4400,331.0100,331.7000
2019-09-15,331.1500,331.4800,330.8400,331.4600
2019-09-13,332.2900,332.7400,330.4500,330.9900
2019-09-12,331.8000,332.6900,330.0400,332.4100
2019-09-11,331.4300,333.3900,331.0900,332.1600
2019-09-10,329.7800,331.9200,329.7300,331.5500
2019-09-09,329.5900,330.4200,329.3800,330.0400
2019-09-08,330.2200,330.2300,329.5800,329.8800
2019-09-06,329.5300,330.9300,329.1300,329.6200
2019-09-05,329.2400,329.8600,328.8800,329.7100
2019-09-04,329.6000,329.8800,328.0600,329.4100
2019-09-03,330.9500,331.3300,329.4800,329.8600
2019-09-02,330.9800,331.5100,330.4600,331.0800
2019-09-01,331.0900,331.3000,330.7500,330.9600
2019-08-30,331.1200,331.7000,330.3800,331.0100
2019-08-29,329.9700,331.8000,329.6800,331.1800
2019-08-28,329.1900,330.3700,329.0400,330.0900
2019-08-27,328.9200,329.5500,328.3100,329.1200
2019-08-26,328.9000,329.4000,328.1900,329.1700
2019-08-25,328.9000,329.4000,328.6700,328.9300
2019-08-23,327.7200,329.4300,327.6700,329.0200
2019-08-22,327.1300,328.4000,326.6000,328.0200
2019-08-21,327.0400,327.5100,326.7400,327.0400
2019-08-20,326.0700,327.7900,325.9300,327.2800
2019-08-19,324.2000,326.8500,324.1000,326.4000
2019-08-18,324.2400,324.8600,324.1200,324.5600
2019-08-16,325.4200,325.7000,324.0900,324.1600
2019-08-15,325.1900,326.3900,324.8500,325.6000
2019-08-14,323.1000,325.7000,322.9800,325.4800
2019-08-13,323.9900,324.4600,322.9300,323.2100
2019-08-12,324.4600,324.8500,323.7200,324.1600
2019-08-11,324.6600,324.6900,324.1300,324.6400
2019-08-09,323.7800,324.9900,323.7100,324.1300
2019-08-08,325.7100,326.0800,323.7100,323.9500
2019-08-07,324.5700,326.4200,324.5100,325.6000
2019-08-06,326.8100,327.0800,324.4900,324.7400
2019-08-05,327.0700,327.7600,325.7900,327.0300
2019-08-04,327.1600,327.3000,326.8500,327.1100
2019-08-02,327.1800,327.8200,326.0300,327.0200
2019-08-01,325.6900,327.4700,325.6500,327.1600
2019-07-31,327.1100,327.6000,325.2900,325.9700
2019-07-30,327.4200,327.9200,327.0300,327.4000
2019-07-29,326.5200,327.9400,326.2100,327.6300
2019-07-28,326.4500,326.8600,326.2200,326.7000
2019-07-26,326.0200,327.0000,325.7700,326.4800
2019-07-25,325.1400,326.5000,324.8100,326.1100
2019-07-24,325.5500,325.9000,324.8300,325.3100
2019-07-23,324.9500,325.9700,324.7700,325.7300
2019-07-22,325.0500,325.3900,324.4500,325.2500
2019-07-21,325.0000,325.2900,324.7800,325.1500
2019-07-19,325.4700,325.9800,324.3500,324.6300
2019-07-18,326.1900,326.6500,325.2200,325.6700
2019-07-17,325.8100,326.7700,325.4500,326.5100
2019-07-16,324.9700,326.0800,324.8100,325.9900
2019-07-15,325.2600,325.9500,324.7400,325.1500
2019-07-14,325.6600,325.7200,325.2200,325.4700
2019-07-12,325.6500,325.9100,325.1000,325.6200
2019-07-11,325.4400,326.1000,325.0900,325.7200
2019-07-10,325.2500,326.1000,325.0700,325.6400
2019-07-09,324.3300,325.7300,324.2800,325.4200
2019-07-08,323.6900,324.8600,323.4900,324.5900
2019-07-07,323.9200,324.0400,323.5100,323.9500
2019-07-05,322.3100,324.4200,322.3100,323.7100
2019-07-04,321.9100,323.0200,321.8100,322.4200
2019-07-03,322.5000,323.1600,321.7800,322.0300
2019-07-02,322.8700,323.2700,322.3700,322.7800
2019-07-01,322.8200,323.3600,322.2800,323.0500
2019-06-30,322.9600,323.1200,322.5700,323.0000
2019-06-28,323.4800,323.9500,322.3300,322.7000
2019-06-27,323.1300,323.8700,322.9100,323.4900
2019-06-26,323.0600,323.6700,322.8700,323.2300
2019-06-25,323.2800,324.5200,322.6300,323.3900
2019-06-24,324.0100,324.4200,323.0400,323.4200
2019-06-23,324.1700,324.2400,323.6800,324.1000
2019-06-21,322.9800,324.3000,322.5800,323.9400
2019-06-20,323.2200,324.3100,322.7000,323.0200
2019-06-19,322.9800,324.2100,322.6500,323.3200
2019-06-18,322.0100,323.3700,321.6900,322.9400
2019-06-17,321.9800,322.3900,321.8100,322.3700
2019-06-16,322.0800,322.3400,321.9100,321.9800
2019-06-14,321.6700,322.4000,321.0100,322.1400
2019-06-13,321.9100,322.3300,321.5100,321.9500
2019-06-12,320.8300,322.1400,320.6000,321.9200
2019-06-11,319.7800,321.4000,319.5200,320.8500
2019-06-10,319.8100,320.2900,319.4300,319.9800
2019-06-09,320.2800,320.2800,319.7400,320.0100
2019-06-07,320.5100,321.6800,319.5000,319.7800
2019-06-06,320.9300,321.6300,320.3600,320.8700
2019-06-05,321.6800,322.2400,320.4100,321.3500
2019-06-04,322.7100,323.1500,321.4500,321.8600
2019-06-03,324.4500,325.0200,322.4600,322.9700
2019-06-02,324.7000,324.8400,324.2500,324.8400
2019-05-31,324.3300,325.3500,323.8100,324.5200
2019-05-30,325.7700,325.9100,324.2000,324.6200
2019-05-29,326.8200,327.5000,325.3500,325.8200
2019-05-28,325.5000,327.2000,325.2600,326.9400
2019-05-27,325.2300,326.1500,324.6100,325.7400
2019-05-26,325.4800,325.5500,324.9300,325.5500
2019-05-24,326.2700,326.7100,324.8800,324.9600
2019-05-23,326.0800,327.4600,325.8200,326.4200
2019-05-22,325.8900,326.7300,325.7700,326.1300
2019-05-21,326.3200,327.4600,325.7500,326.0600
2019-05-20,325.8300,326.5100,325.5000,326.4000
2019-05-19,326.3400,326.3400,325.6500,325.6500
2019-05-17,324.3500,326.5300,323.9400,325.8100
2019-05-16,324.4400,324.9000,323.5700,324.4200
2019-05-15,324.2600,325.7900,323.9300,324.4600
2019-05-14,323.6000,324.5700,323.5100,324.3000
2019-05-13,323.0700,324.4900,322.8100,323.9100
2019-05-12,322.7500,323.5000,322.7500,323.2400
2019-05-10,323.7500,324.2400,322.6600,322.8900
2019-05-09,323.8700,324.7500,322.9000,323.9000
2019-05-08,323.9400,324.6200,323.5100,324.1400
2019-05-07,323.4100,324.3900,323.1500,324.0400
2019-05-06,322.9700,323.8100,322.7500,323.6400
2019-05-05,321.6000,323.3800,321.6000,323.1400
2019-05-03,323.8000,324.3100,322.4500,322.6600
2019-05-02,324.1900,324.7900,323.5100,323.9300
2019-05-01,323.6100,324.5900,323.3500,324.4500
2019-04-30,322.9900,324.1100,322.3500,323.6300
2019-04-29,321.8900,323.8900,321.8300,323.0200
2019-04-28,322.1200,322.6000,321.8300,322.0700
2019-04-26,321.9800,322.5400,320.2000,322.0100
2019-04-25,321.5100,322.7300,321.2400,322.0100
2019-04-24,320.3700,322.0800,320.2200,321.8200
2019-04-23,320.0500,321.1000,319.8700,320.5400
2019-04-22,319.8800,320.4800,319.3300,319.9600
2019-04-21,319.9400,320.0400,319.5900,320.0400
2019-04-19,319.7600,320.0800,319.4900,319.7200
2019-04-18,319.0300,320.3300,318.8700,319.9100
2019-04-17,319.3700,319.7900,318.7700,319.1400
2019-04-16,319.8300,320.3100,319.1600,319.5500
2019-04-15,321.1300,321.5800,319.7200,320.1100
2019-04-14,320.9500,321.5600,320.9500,321.4100
2019-04-12,321.8000,322.3500,320.9400,320.9400
2019-04-11,321.2000,322.1300,320.8900,321.7400
2019-04-10,322.0200,322.3300,320.7700,321.3000
2019-04-09,320.8000,322.4700,320.4600,322.1300
2019-04-08,321.1200,321.7300,320.6400,321.0300
2019-04-07,319.5500,321.2500,319.5500,321.2400
2019-04-05,319.7200,321.5100,319.6000,320.8200
2019-04-04,319.4100,320.3300,319.2500,320.0100
2019-04-03,320.9200,321.3900,319.3300,319.6700
2019-04-02,321.2700,322.2500,320.6700,321.1700
2019-04-01,320.7000,321.7100,320.1300,321.5200
2019-03-31,321.0900,321.2200,320.6400,320.9700
2019-03-29,320.1800,321.6800,319.7500,320.9900
2019-03-28,319.6400,320.7800,319.2700,320.2700
2019-03-27,318.3200,320.7100,318.1400,319.7900
2019-03-26,315.7500,318.9000,315.2300,318.2700
2019-03-25,316.0300,317.0000,315.4300,315.9500
2019-03-24,316.2800,316.4200,315.8500,316.2400
2019-03-22,314.6400,316.8900,313.9800,316.4000
2019-03-21,313.1600,314.9100,312.8300,314.7500
2019-03-20,312.6800,314.0000,312.3000,313.3500
2019-03-19,313.5600,313.8700,312.5400,312.9500
2019-03-18,314.0600,314.4600,313.3400,313.8400
2019-03-17,314.2000,314.3100,313.8500,314.3000
2019-03-15,314.0600,314.3800,313.8700,313.9900
2019-03-14,314.3500,314.7600,313.9000,314.3000
2019-03-13,314.6400,315.3200,314.0400,314.4600
2019-03-12,315.1500,315.7100,314.6300,315.0800
2019-03-11,315.0100,315.9700,314.8600,315.4100
2019-03-10,315.1400,315.2800,314.8600,315.1800
2019-03-08,316.0400,316.4300,314.8300,315.2000
2019-03-07,315.1600,316.2900,314.6800,316.1700
2019-03-06,315.2900,315.6200,314.9700,315.3800
2019-03-05,315.4500,315.9100,315.0900,315.4000
2019-03-04,315.7500,316.4600,315.2300,315.4500
2019-03-03,316.4200,316.5900,315.5700,315.8800
2019-03-01,315.5700,316.3300,315.3000,315.7200
2019-02-28,315.8400,316.5000,315.3600,315.6200
2019-02-27,316.1900,316.9600,315.7700,315.9700
2019-02-26,317.4200,318.0000,316.0500,316.4200
2019-02-25,317.3800,318.0000,316.7300,317.5600
2019-02-24,318.1200,318.1200,317.1900,317.4500
2019-02-22,317.3300,318.0500,316.9000,317.5800
2019-02-21,316.9700,317.7900,316.5300,317.4100
2019-02-20,317.3200,317.7700,316.5100,316.9200
2019-02-19,317.5800,318.4400,316.7600,317.1200
2019-02-18,317.6500,318.1900,317.3200,317.7500
2019-02-17,318.2400,318.3600,317.3800,318.0000
2019-02-15,318.0400,318.9200,317.5700,317.7300
2019-02-14,318.8100,319.8500,317.8900,318.2000
2019-02-13,317.9000,319.2200,317.1900,318.7300
2019-02-12,319.6600,319.8300,317.3300,317.9100
2019-02-11,318.7400,320.0400,318.2500,319.7200
2019-02-10,319.0800,319.8300,318.4500,318.7200
2019-02-08,318.6000,319.2300,317.6900,319.2300
2019-02-07,318.2300,319.6200,318.1900,318.7200
2019-02-06,317.2000,318.9300,317.0300,318.4000
2019-02-05,317.0400,317.6900,316.8200,317.5000
2019-02-04,317.3100,318.0000,316.7100,317.0600
2019-02-03,317.1900,317.3700,316.8800,317.2100
2019-02-01,315.6700,318.2500,315.1600,317.0200
2019-01-31,315.3200,316.2900,314.9400,315.8200
2019-01-30,316.9700,317.3200,314.8400,315.3800
2019-01-29,317.1500,317.5100,316.6800,317.0200
2019-01-28,317.4700,317.8800,316.9000,317.2000
2019-01-27,317.5200,318.1200,317.3800,317.5100
2019-01-25,318.6000,318.7900,317.1700,317.1700
2019-01-24,317.7800,319.2100,317.5400,318.6800
2019-01-23,317.9500,318.2100,317.5100,317.8400
2019-01-22,317.3800,318.2600,317.0000,317.9600
2019-01-21,317.6800,318.2100,317.0300,317.5200
2019-01-20,317.5600,318.1200,317.5100,317.7500
2019-01-18,319.2100,319.6200,317.2700,317.6000
2019-01-17,320.9200,322.1400,318.9400,319.2600
2019-01-16,322.7600,324.2900,320.9500,321.3000
2019-01-15,321.3300,323.4400,321.2100,323.0400
2019-01-14,321.0200,321.6900,320.6700,321.5400
2019-01-13,320.7900,321.3400,320.7100,321.2400
2019-01-11,321.0200,321.6600,320.5300,320.5300
2019-01-10,321.2100,321.7900,320.7000,321.0500
2019-01-09,321.4300,321.8700,320.9500,321.1900
2019-01-08,320.7600,322.2700,320.6500,321.4500
2019-01-07,320.6500,321.3800,320.4300,320.8900
2019-01-06,320.8400,320.9100,320.2000,320.6900
2019-01-04,321.1200,321.4900,320.3000,320.4100
2019-01-03,322.4800,322.9100,320.4300,321.1700
2019-01-02,321.0500,322.7700,320.6600,322.6000
2019-01-01,320.6600,321.3800,320.6500,321.1400
2018-12-31,321.3800,321.5600,320.3600,320.8500
2018-12-30,321.4300,321.4400,321.1100,321.4000
2018-12-28,320.7000,322.2000,320.4900,321.1900
2018-12-27,321.3100,321.5800,320.3500,320.7500
2018-12-26,321.5700,321.7700,320.4500,320.6200
2018-12-25,321.1800,322.3600,320.1300,321.5900
2018-12-24,321.7400,322.1400,320.4600,321.2600
2018-12-23,322.3300,322.3600,321.4500,321.6000
2018-12-21,321.3200,322.2600,320.8900,321.3400
2018-12-20,322.3400,322.8400,320.9600,321.3300
2018-12-19,321.9100,322.8800,321.7600,322.6200
2018-12-18,323.1800,323.4900,321.6500,321.9800
2018-12-17,323.3500,323.6100,322.7600,323.3500
2018-12-16,323.7600,323.7600,322.7600,323.4500
2018-12-14,322.9400,324.2300,322.8200,323.5600
2018-12-13,322.7500,323.5300,322.3000,322.8200
2018-12-12,323.4300,323.6900,322.4700,322.8600
2018-12-11,323.2000,323.8600,322.8000,323.3400
2018-12-10,322.9400,323.7100,322.4800,323.4200
2018-12-09,323.5300,323.5300,322.6900,322.9600
2018-12-07,322.6000,323.6100,322.3800,323.5100
2018-12-06,323.1500,324.1100,322.4300,322.8200
2018-12-05,323.4800,323.9500,322.7400,323.3100
2018-12-04,322.2500,323.8500,322.0800,323.5400
2018-12-03,323.4700,323.6600,321.8100,322.4300
2018-12-02,323.8800,324.0800,323.0600,323.7100
2018-11-30,323.1900,324.0200,322.8800,323.4300
2018-11-29,323.2800,323.9400,322.5000,323.2000
2018-11-28,323.4700,324.4300,322.8900,323.4300
2018-11-27,323.2100,324.8900,322.9600,323.8000
2018-11-26,321.9000,323.6200,321.8300,323.3400
2018-11-25,322.1700,322.1700,321.4700,322.1200
2018-11-23,320.9400,322.4600,320.6900,321.5600
2018-11-22,321.3700,321.8400,320.6900,321.1500
2018-11-21,321.2100,321.8100,320.8100,321.7000
2018-11-20,320.8600,321.8100,320.7000,321.1700
2018-11-19,321.4500,321.8600,320.6800,321.0900
2018-11-18,321.5300,321.5700,321.0400,321.4200
2018-11-16,321.6900,322.0400,321.1000,321.2000
2018-11-15,322.2300,322.8400,321.3900,321.7600
2018-11-14,322.4600,323.1300,321.9100,322.1900
2018-11-13,322.1900,323.5600,321.8700,322.7300
2018-11-12,321.3500,322.3800,321.1400,322.0800
2018-11-11,321.3200,321.4400,320.9900,321.4300
2018-11-09,320.6300,321.9000,320.5700,321.9000
2018-11-08,321.1700,321.7200,320.5200,320.9600
2018-11-07,321.5800,322.0200,320.8100,320.9900
2018-11-06,321.7300,322.2100,321.4100,321.7300
2018-11-05,321.2300,322.6200,321.0600,321.9400
2018-11-04,321.7400,322.2000,321.0000,321.4100
2018-11-02,322.5400,322.9900,320.7800,321.4300
2018-11-01,324.3700,324.6500,321.7800,322.4000
2018-10-31,324.3500,325.4600,324.1000,324.4200
2018-10-30,324.3200,324.9700,324.0200,324.7400
2018-10-29,323.5200,324.7900,323.5100,324.6800
2018-10-28,324.1700,324.1700,323.4700,323.8800
2018-10-26,323.8500,324.5000,323.3300,323.8300
2018-10-25,323.2400,324.2400,323.1100,323.8900
2018-10-24,322.6900,323.5600,322.1700,323.4600
2018-10-23,322.4800,323.3800,322.0500,322.6900
2018-10-22,322.9100,323.2000,322.1700,322.6400
2018-10-21,322.7300,323.1400,322.6500,323.0200
2018-10-19,322.9900,323.8500,322.2700,322.7700
2018-10-18,321.8400,323.5900,321.4400,323.0800
2018-10-17,321.5800,322.7100,321.2900,321.9000
2018-10-16,322.3800,322.7100,321.3600,321.5800
2018-10-15,323.7700,324.2600,321.9800,322.5300
2018-10-14,324.4100,324.4100,323.5700,323.9800
2018-10-12,324.9700,325.2700,323.6300,324.0600
2018-10-11,325.4600,325.7700,324.1500,325.0800
2018-10-10,324.3200,325.8500,324.1000,325.5200
2018-10-09,325.0500,325.6600,323.7600,324.3200
2018-10-08,324.4700,325.6800,324.3100,325.2000
2018-10-07,324.4200,324.8000,324.1900,324.3400
2018-10-05,324.1400,325.2000,323.7500,324.0400
2018-10-04,322.5600,325.3500,322.4100,324.2400
2018-10-03,322.6300,323.1900,321.7800,322.5900
2018-10-02,322.6900,324.0200,322.4900,322.8000
2018-10-01,323.0500,323.8000,322.4700,322.9500
2018-09-30,323.0000,323.3100,322.6900,323.1600
2018-09-28,323.3900,324.5900,322.8000,323.1400
2018-09-27,323.1400,323.7600,322.9800,323.5100
2018-09-26,324.0000,324.2300,323.0100,323.4700
2018-09-25,323.3900,324.4400,323.0400,323.9300
2018-09-24,323.8200,324.2400,323.0400,323.4400
2018-09-23,324.0000,324.5400,323.5000,323.7500
2018-09-21,323.0700,324.2300,322.8500,323.9400
2018-09-20,322.8100,324.2000,322.6200,323.2500
2018-09-19,323.5600,323.8300,322.4800,323.0100
2018-09-18,324.4700,325.1400,322.6000,323.5500
2018-09-17,324.3800,325.2900,324.0900,324.4200
2018-09-16,324.6000,324.6800,324.2400,324.3100
2018-09-14,323.8200,325.1000,322.9000,324.4900
2018-09-13,324.7100,325.7500,323.3300,324.0900
2018-09-12,324.2300,326.3600,324.0900,324.8300
2018-09-11,324.5100,324.9500,323.7100,324.4800
2018-09-10,325.2500,325.8100,324.0000,324.6900
2018-09-09,324.8200,325.5000,324.3800,325.4100
2018-09-07,325.6000,326.1400,324.0100,324.6300
2018-09-06,327.1700,328.3900,324.7200,325.9400
2018-09-05,327.4300,329.0400,327.0400,327.2800
2018-09-04,326.5100,328.1100,326.2500,327.5800
2018-09-03,326.1800,327.0700,325.9000,326.6400
2018-09-02,326.2000,326.5800,325.7500,326.2000
2018-08-31,326.6500,327.2200,325.5700,326.2400
2018-08-30,325.5400,327.1200,325.2300,326.8700
2018-08-29,323.6800,326.0900,323.4900,325.5700
2018-08-28,323.5000,324.3500,323.2600,323.9200
2018-08-27,323.3000,324.1400,322.9800,323.6700
2018-08-26,323.7000,323.7200,323.1200,323.5700
2018-08-24,323.8800,324.4600,322.9900,323.2400
2018-08-23,322.5600,324.7500,322.3000,324.0500
2018-08-22,322.9100,323.6200,322.3100,322.7800
2018-08-21,323.4800,323.8800,322.4900,323.2000
2018-08-20,322.5800,324.0000,322.3500,323.6500
2018-08-19,322.9000,323.1800,322.4400,322.5800
2018-08-17,323.6800,324.4400,322.1800,322.3100
2018-08-16,323.9600,324.8000,323.0300,323.7400
2018-08-15,322.4800,325.5000,322.0200,324.2400
2018-08-14,322.8500,323.4200,321.8600,322.7100
2018-08-13,323.6200,325.6900,322.4200,322.8300
2018-08-12,322.3900,323.7200,322.3900,323.7000
2018-08-10,320.5100,324.7300,320.2000,322.6700
2018-08-09,319.1200,321.0000,318.8100,320.6800
2018-08-08,319.5500,320.2000,318.6600,319.1700
2018-08-07,319.4700,320.3400,318.9700,319.8400
2018-08-06,319.4700,320.8100,319.2700,319.6200
2018-08-05,319.8400,320.2400,319.3000,319.3900
2018-08-03,320.8000,321.5500,319.3700,319.7000
2018-08-02,320.7200,322.2200,320.3000,320.9400
2018-08-01,320.3300,321.6100,320.0700,320.7800
2018-07-31,321.3900,321.9000,319.7900,320.3000
2018-07-30,322.2300,322.8200,321.1600,321.3900
2018-07-29,322.1000,322.8300,321.8000,322.1000
2018-07-27,323.3000,323.9200,321.5000,322.1800
2018-07-26,325.1600,325.5000,323.1600,323.5200
2018-07-25,325.7400,326.1200,324.5500,325.1600
2018-07-24,326.0300,327.1700,325.1000,325.5000
2018-07-23,324.9800,326.5100,324.8300,326.0800
2018-07-22,325.5900,325.7000,325.0100,325.0600
2018-07-20,326.0500,326.8500,324.8800,325.0500
2018-07-19,323.8200,326.9200,323.7100,326.2400
2018-07-18,323.1200,324.3800,323.0300,323.8600
2018-07-17,322.8300,323.7400,322.4500,323.2900
2018-07-16,322.9900,323.2500,321.3700,322.8200
2018-07-15,322.6300,323.3200,322.6300,323.1100
2018-07-13,324.4600,324.9200,322.3300,322.4900
2018-07-12,325.1800,325.6000,323.8000,324.5800
2018-07-11,323.5300,325.5700,323.3500,325.2600
2018-07-10,323.6200,325.7300,323.1700,323.7900
2018-07-09,323.2100,324.0200,322.2800,323.6800
2018-07-08,322.9400,323.3500,322.7100,323.1200
2018-07-06,323.3800,324.6600,322.3900,322.7600
2018-07-05,325.1100,325.3200,322.6500,323.4700
2018-07-04,327.1400,327.4200,324.6100,325.1300
2018-07-03,329.5700,330.4000,326.0500,327.2600
2018-07-02,328.7700,330.6900,328.3700,329.7300
2018-07-01,328.4500,329.2100,328.4500,328.9200
2018-06-29,328.0800,330.1300,327.0800,328.8800
2018-06-28,327.2400,328.9100,327.1500,327.9000
2018-06-27,325.6600,328.1700,325.5200,327.5200
2018-06-26,325.3000,326.2900,324.8600,325.9900
2018-06-25,324.3600,326.3100,324.0700,325.5600
2018-06-24,324.4000,324.8100,323.8500,324.4000
2018-06-22,326.0600,326.3900,323.2000,324.3700
2018-06-21,323.4500,326.4300,323.2600,326.1800
2018-06-20,322.1200,324.3500,321.3900,323.6900
2018-06-19,323.5500,325.2300,321.4000,322.2800
2018-06-18,322.2700,324.1100,321.9600,323.6300
2018-06-17,322.1300,322.5000,322.0000,322.2500
2018-06-15,322.5800,323.8900,321.8300,322.2900
2018-06-14,320.3700,323.3100,320.1900,322.6100
2018-06-13,319.2800,320.9300,319.1300,320.3200
2018-06-12,320.6500,321.7800,319.0500,319.4700
2018-06-11,319.8100,321.8000,318.9800,320.7400
2018-06-10,319.3600,320.2000,319.3600,319.4900
2018-06-08,318.5000,320.6200,318.1800,319.1800
2018-06-07,317.8000,318.6900,316.4900,318.6900
2018-06-06,318.3400,319.0600,317.2800,317.8300
2018-06-05,318.5500,319.0100,317.9700,318.5100
2018-06-04,319.2600,320.1200,318.2700,318.5100
2018-06-03,319.8300,320.0500,319.1900,319.2700
2018-06-01,319.4900,320.1800,318.8900,319.6700
2018-05-31,319.4400,319.8600,318.2800,319.5600
2018-05-30,320.5600,320.8300,318.6300,319.5000
2018-05-29,318.3100,320.8200,318.0700,320.6100
2018-05-28,318.6700,319.5500,318.0600,318.4200
2018-05-27,319.2400,319.2900,318.6000,319.0200
2018-05-25,318.9800,320.1100,318.6800,319.0400
2018-05-24,318.2500,319.8400,317.9900,318.9100
2018-05-23,317.5700,319.6600,317.4300,318.3100
2018-05-22,317.5800,318.7000,316.0700,317.7400
2018-05-21,317.9900,319.4700,317.2000,317.7000
2018-05-20,318.0800,318.2100,317.6600,318.1300
2018-05-18,316.9700,318.5400,316.5500,317.9200
2018-05-17,315.4900,317.4600,315.4600,317.0300
2018-05-16,316.2000,317.7000,315.3700,315.8100
2018-05-15,315.0400,317.5000,314.9300,316.5000
2018-05-14,315.0600,315.6100,314.5500,315.1400
2018-05-13,315.2900,315.3000,314.6500,314.9500
2018-05-11,314.0200,315.4100,313.6400,314.8200
2018-05-10,315.0200,315.6300,313.3000,314.0100
2018-05-09,314.7600,315.6700,314.4000,315.2900
2018-05-08,314.2500,315.2600,313.9600,314.8100
2018-05-07,313.2700,314.7400,313.1200,314.5300
2018-05-06,313.5900,313.5900,313.1600,313.4700
2018-05-04,313.4900,314.4800,313.1000,313.7200
2018-05-03,314.1400,314.8100,313.3100,313.7000
2018-05-02,313.5600,314.6500,312.6200,314.4300
2018-05-01,313.1700,315.4600,313.1000,313.8500
2018-04-30,312.6300,313.6900,312.3600,313.4400
2018-04-29,312.3200,312.8000,312.2300,312.7400
2018-04-27,312.5700,313.0400,312.2100,312.3000
2018-04-26,312.7600,313.2900,312.3300,312.6600
2018-04-25,312.2100,313.5100,312.0400,313.0100
2018-04-24,312.0800,312.8200,311.6500,312.4400
2018-04-23,310.3800,312.6200,310.2100,312.1100
2018-04-22,310.6200,310.7100,310.0500,310.6200
2018-04-20,309.9000,310.8800,309.7000,310.4200
2018-04-19,310.0700,310.5700,309.7500,310.2400
2018-04-18,310.0500,310.4800,309.5700,310.3500
2018-04-17,309.7500,310.9900,309.6100,310.3300
2018-04-16,310.3000,310.7800,309.5800,310.0700
2018-04-15,310.3900,311.4700,310.1800,310.7100
2018-04-13,310.8400,311.3400,310.0500,310.2500
2018-04-12,311.0600,311.5200,310.7300,311.1400
2018-04-11,310.9400,311.7300,310.8200,311.2300
2018-04-10,311.1600,311.7900,310.6200,311.1200
2018-04-09,311.5400,312.5400,310.8400,311.2500
2018-04-08,312.3600,312.3600,311.4000,311.9400
2018-04-06,310.8900,312.6400,310.6500,312.1900
2018-04-05,310.7200,311.5400,310.6000,310.9800
2018-04-04,311.4700,312.1700,310.7900,311.0000
2018-04-03,312.1300,312.6900,311.3500,311.7600
2018-04-02,312.2200,312.7000,311.8200,312.4200
2018-04-01,312.1500,312.3400,311.7900,312.2900
2018-03-30,312.1300,312.5500,311.5900,312.2700
2018-03-29,312.2000,312.6900,311.5800,311.9600
2018-03-28,312.6300,312.9200,311.8100,312.3200
2018-03-27,312.5400,313.0500,312.1400,312.7600
2018-03-26,312.5900,313.0000,312.2200,312.7000
2018-03-25,312.8000,312.8000,312.3600,312.7000
2018-03-23,311.6600,313.2200,311.6400,312.5000
2018-03-22,311.1900,312.2500,310.8900,311.9800
2018-03-21,311.2700,311.5600,310.7600,311.3900
2018-03-20,310.8600,311.5200,310.6900,311.3800
2018-03-19,311.1300,311.3300,310.1200,311.1400
2018-03-18,310.3900,311.8000,310.3900,311.3100
2018-03-16,310.9100,311.3300,310.2500,310.4300
2018-03-15,310.9100,311.3800,310.2200,311.0800
2018-03-14,311.2600,311.9200,310.6500,311.1800
2018-03-13,311.5600,311.9600,311.0900,311.6800
2018-03-12,311.3800,312.1200,311.0300,311.8100
2018-03-11,311.3200,312.0100,311.1700,311.5400
2018-03-09,311.6400,312.0800,311.1000,311.5300
2018-03-08,311.8400,312.4100,311.2500,311.7800
2018-03-07,312.6100,313.3600,311.3000,312.0500
2018-03-06,313.7800,314.2800,312.2700,312.6500
2018-03-05,313.3800,314.2500,313.0800,313.7800
2018-03-04,313.3200,313.7600,313.1800,313.3900
2018-03-02,313.2600,314.0100,313.0700,313.3800
2018-03-01,313.6100,313.9600,313.0100,313.4500
2018-02-28,313.8900,314.3900,313.3300,313.7200
2018-02-27,313.3600,314.2500,312.9700,313.9900
2018-02-26,312.7900,313.8000,312.5200,313.5200
2018-02-25,312.7900,313.0900,312.6000,313.0900
2018-02-23,312.4300,313.2000,312.3100,312.7100
2018-02-22,312.1200,313.1700,311.8600,312.7000
2018-02-21,311.6300,312.6000,311.3400,312.3800
2018-02-20,310.8100,312.1500,310.4800,311.5800
2018-02-19,311.2400,311.6200,310.4800,310.8800
2018-02-18,311.2700,311.4400,310.9400,311.4400
2018-02-16,310.9200,311.6400,310.6500,311.1300
2018-02-15,311.7400,312.1700,310.7300,311.1600
2018-02-14,311.8800,313.1700,311.2600,311.6700
2018-02-13,311.5200,312.2600,311.2600,311.6500
2018-02-12,311.8200,312.3400,311.2900,311.5200
2018-02-11,311.9800,312.2200,311.6500,312.0600
2018-02-09,310.9800,312.6500,310.8000,311.9500
2018-02-08,310.3400,311.4000,310.0200,311.0000
2018-02-07,309.6000,310.6200,309.1000,310.3400
2018-02-06,309.9000,310.7600,309.3000,309.7200
2018-02-05,309.5200,310.5400,308.9700,309.6100
2018-02-04,309.3700,309.6200,308.8700,309.3200
2018-02-02,308.8100,310.0600,308.5700,309.4600
2018-02-01,309.8600,310.2000,308.5000,308.8000
2018-01-31,310.3900,311.0500,309.4400,309.4500
2018-01-30,309.6100,311.0500,309.5200,310.7100
2018-01-29,309.0100,310.1100,308.6400,309.6000
2018-01-28,308.6400,309.2300,308.5100,308.8400
2018-01-26,308.9100,309.8000,308.5500,309.0100
2018-01-25,308.9600,309.6000,308.5900,308.9900
2018-01-24,308.9500,309.5900,308.3600,309.2700
2018-01-23,309.3800,310.1900,308.7900,308.8200
2018-01-22,308.6700,309.7700,308.6000,309.4600
2018-01-21,308.9400,309.0500,308.6100,308.9500
2018-01-19,307.8000,309.5300,307.8000,308.7800
2018-01-18,308.3300,308.6700,307.3700,308.0800
2018-01-17,308.4700,309.2000,307.9800,308.4400
2018-01-16,308.6700,309.1200,308.0200,308.5000
2018-01-15,308.6000,309.3600,308.1900,308.4300
2018-01-14,308.4500,308.7400,308.2600,308.4400
2018-01-12,308.4400,309.0500,308.0700,308.7200
2018-01-11,308.9600,309.4200,308.0600,308.6700
2018-01-10,309.0800,310.3800,308.7600,308.8100
2018-01-09,308.7500,309.9900,308.3800,309.3600
2018-01-08,308.2300,309.1600,307.7600,308.7000
2018-01-07,308.4200,308.6200,307.7600,307.8600
2018-01-05,308.0000,308.8600,307.5700,307.5700
2018-01-04,308.2900,308.9600,307.6100,308.0400
2018-01-03,308.7900,309.6300,307.9300,308.1800
2018-01-02,309.9000,310.5300,308.1600,308.7600
2018-01-01,310.3800,310.7000,309.6300,309.7600
2017-12-31,310.3000,310.3000,310.0600,310.2200
2017-12-29,309.6200,310.7100,309.5200,310.3600
2017-12-28,309.8100,310.5200,309.4200,309.8600
2017-12-27,311.3000,311.7600,309.6300,309.8600
2017-12-26,311.6600,312.1300,310.6800,311.3000
2017-12-25,310.8300,311.7700,310.6800,311.3900
2017-12-24,310.8000,311.5300,310.8000,311.5300
2017-12-22,311.5800,312.1800,310.7000,311.6300
2017-12-21,312.5700,313.1200,311.4200,311.4200
2017-12-20,312.6300,313.3900,312.1100,312.7100
2017-12-19,313.0000,313.4100,312.5000,312.8500
2017-12-18,313.6000,314.3400,312.4200,313.0000
2017-12-17,313.9400,313.9400,313.4900,313.8000
2017-12-15,313.8600,314.4000,312.8900,313.8700
2017-12-14,314.1900,314.6200,313.2700,314.0000
2017-12-13,313.4900,314.6800,313.4100,314.3500
2017-12-12,314.5800,314.5800,313.3500,313.3500
2017-12-11,313.2600,314.9000,313.1700,314.3600
2017-12-10,313.2600,313.7600,313.0700,313.5800
2017-12-08,314.5600,315.1300,313.2600,313.6800
2017-12-07,313.8900,315.1100,313.7500,314.6900
2017-12-06,313.8400,314.6500,313.5900,314.1000
2017-12-05,313.4900,314.3100,312.8300,313.7300
2017-12-04,313.4400,313.9300,312.5100,313.3200
2017-12-03,313.6800,313.6800,313.0300,313.5600
2017-12-01,312.6800,314.1100,312.6200,313.5900
2017-11-30,311.8000,313.4000,311.5600,312.9900
2017-11-29,310.4200,312.0400,310.3300,311.6700
2017-11-28,310.5500,311.4200,310.3000,310.7800
2017-11-27,311.7200,312.0200,310.2600,310.6500
2017-11-26,311.6300,312.2400,311.2600,311.7300
2017-11-24,312.2300,312.5100,311.2100,311.6800
2017-11-23,312.9400,313.4400,311.8000,312.2900
2017-11-22,313.1600,313.8300,312.3800,312.9000
2017-11-21,312.2500,314.1900,311.9000,313.3700
2017-11-20,311.5400,312.5800,311.3000,312.1400
2017-11-19,311.9200,311.9200,311.3900,311.7200
2017-11-17,311.5800,312.4000,311.0000,311.5900
2017-11-16,311.8000,312.8100,311.3400,311.6600
2017-11-15,311.4800,312.5700,310.9200,312.0400
2017-11-14,311.4500,312.1500,311.1700,311.4800
2017-11-13,311.5000,312.2000,311.1400,311.5400
2017-11-12,311.4600,311.6200,311.1000,311.4600
2017-11-10,311.6600,312.3900,311.2100,311.5300
2017-11-09,311.6100,312.3800,311.3000,311.8500
2017-11-08,311.3900,312.1600,310.7600,311.4700
2017-11-07,310.7200,311.8300,310.4000,311.4700
2017-11-06,310.4400,311.4600,310.2800,310.8600
2017-11-05,310.6300,310.7000,310.1000,310.5900
2017-11-03,310.4700,311.1200,309.9600,310.3600
2017-11-02,310.6900,311.5100,309.7700,310.7600
2017-11-01,310.9700,312.0200,310.2500,310.7400
2017-10-31,310.7300,311.6200,310.4800,311.2300
2017-10-30,309.8300,311.3200,309.6400,310.8800
2017-10-29,309.7900,310.3800,309.7100,310.3500
2017-10-27,310.2600,311.7200,309.7700,309.7700
2017-10-26,309.8700,311.4300,309.4500,310.3900
2017-10-25,309.6100,310.6000,309.4000,310.1900
2017-10-24,307.7200,310.3600,307.5600,309.8300
2017-10-23,307.4100,308.5700,307.2400,307.9400
2017-10-22,307.9300,307.9900,307.2800,307.5900
2017-10-20,307.3700,308.5100,307.0800,307.5500
2017-10-19,307.7100,308.7300,307.1000,307.5700
2017-10-18,307.9000,308.4300,307.4100,308.0100
2017-10-17,307.3700,308.2800,306.8600,308.0800
2017-10-16,307.7700,308.4900,307.0300,307.6700
2017-10-15,308.1400,308.1400,307.7100,307.8200
2017-10-13,308.5600,309.4100,307.4300,307.7100
2017-10-12,309.1100,309.4400,308.1000,308.4600
2017-10-11,310.6200,310.8300,308.7100,308.9500
2017-10-10,311.5700,311.9100,309.7700,310.8000
2017-10-09,311.8400,312.5600,311.1000,311.7600
2017-10-08,312.1300,312.1800,311.4700,312.1800
2017-10-06,311.4800,312.5600,310.8500,311.9700
2017-10-05,311.8500,311.9000,310.4700,311.7800
2017-10-04,311.8600,312.2300,310.6600,311.7700
2017-10-03,311.4400,312.4200,311.1800,311.9500
2017-10-02,311.3900,312.4400,310.7700,311.8000
2017-10-01,311.6100,312.1100,311.0300,311.4200
2017-09-29,310.6900,311.7300,309.9900,311.1700
2017-09-28,311.0900,311.8800,310.1700,310.8400
2017-09-27,310.8700,311.9300,310.3800,311.1600
2017-09-26,310.3000,311.5400,309.9400,311.2300
2017-09-25,309.4800,311.5000,309.2600,310.3800
2017-09-24,309.6700,309.7700,308.4200,309.4600
2017-09-22,310.0600,310.0600,308.9300,309.5000
2017-09-21,308.4500,310.7800,308.3600,310.0500
2017-09-20,307.7600,309.0000,307.5800,308.6400
2017-09-19,309.2200,309.6800,307.2300,308.0900
2017-09-18,309.2200,309.9200,308.7300,309.1300
2017-09-17,309.0100,309.3000,308.6000,309.1900
2017-09-15,308.0800,309.5700,307.9700,309.1600
2017-09-14,307.6400,308.9500,307.3200,308.4000
2017-09-13,306.9900,308.3600,306.6800,307.7800
2017-09-12,306.2500,307.3600,305.9200,307.0500
2017-09-11,306.3100,306.9600,305.7400,306.3600
2017-09-10,306.5600,306.5600,305.6000,306.3000
2017-09-08,305.6400,306.7600,305.1000,306.2900
2017-09-07,305.9800,306.6000,305.0100,305.6400
2017-09-06,305.8200,306.6000,305.6300,306.2400
2017-09-05,305.5900,306.4000,305.2400,306.0200
2017-09-04,305.1000,306.2100,304.9300,305.5300
2017-09-03,305.6400,305.6400,305.0000,305.4200
2017-09-01,305.5800,305.9300,304.4200,305.2600
2017-08-31,305.3900,306.6300,305.1600,305.7400
2017-08-30,305.6200,306.1200,305.0800,305.6100
2017-08-29,303.7300,305.9000,303.7300,305.6300
2017-08-28,304.4300,304.5600,303.5200,303.8900
2017-08-27,303.8400,304.4300,303.7500,304.3700
2017-08-25,303.8900,305.0200,303.5600,304.1100
2017-08-24,302.2600,304.8000,301.4700,304.0500
2017-08-23,302.5000,303.4500,301.8100,302.6200
2017-08-22,302.7800,303.9200,302.5800,302.8000
2017-08-21,303.1700,303.7500,302.6400,302.9800
2017-08-20,303.3300,303.7700,302.8400,303.1600
2017-08-18,303.5000,303.9100,302.7200,303.1800
2017-08-17,304.3200,304.6500,303.1100,303.7500
2017-08-16,304.0700,304.4700,303.3400,304.1200
2017-08-15,303.8200,304.5300,303.5400,304.1100
2017-08-14,304.3600,304.5700,303.5600,303.9900
2017-08-13,304.2000,304.6500,304.0400,304.2600
2017-08-11,305.4800,305.9200,304.0600,304.4500
2017-08-10,305.0700,305.8100,304.7500,305.5600
2017-08-09,303.7800,305.7400,303.6800,305.4000
2017-08-08,304.0100,304.6300,303.6600,304.0400
2017-08-07,304.5200,304.8600,303.4000,303.9600
2017-08-06,304.4300,304.7700,304.0000,304.6000
2017-08-04,303.3600,305.1400,303.2000,304.5200
2017-08-03,303.1100,304.1100,302.6200,303.5900
2017-08-02,303.4100,304.3100,302.6300,303.0300
2017-08-01,303.5900,304.6100,302.6200,303.4700
2017-07-31,304.1900,305.0200,303.5100,303.8500
2017-07-30,304.4000,304.6300,304.0800,304.4200
2017-07-28,304.9900,305.5300,304.1100,304.3600
2017-07-27,304.5400,305.6300,304.3000,305.3700
2017-07-26,305.0300,306.1900,304.3400,304.7200
2017-07-25,304.7900,305.7200,304.6000,305.2800
2017-07-24,305.1800,305.6600,304.3200,304.9000
2017-07-23,305.4400,305.5400,304.7300,305.4300
2017-07-21,304.8600,305.6800,304.4400,305.0200
2017-07-20,305.7100,306.2000,304.6900,305.0200
2017-07-19,305.5600,306.6700,305.2400,305.9700
2017-07-18,306.4000,307.0800,305.3600,305.7800
2017-07-17,305.8500,307.2600,305.4000,306.4400
2017-07-16,305.8100,306.5500,305.6300,305.8200
2017-07-14,306.1400,306.6900,305.3700,305.6600
2017-07-13,306.8700,307.5700,305.9900,306.2500
2017-07-12,307.4600,307.9500,306.3800,306.8700
2017-07-11,307.8200,308.4200,307.0700,307.5800
2017-07-10,307.6800,308.2500,307.2000,308.0500
2017-07-09,307.7500,308.0000,307.3800,307.6100
2017-07-07,307.8000,308.7100,307.2800,308.3200
2017-07-06,308.5700,309.6000,307.7000,307.8900
2017-07-05,307.8300,309.1700,307.4100,308.6300
2017-07-04,308.6100,308.9300,307.5200,307.9900
2017-07-03,308.3800,309.2900,308.1900,308.6700
2017-07-02,308.4700,308.8400,308.3600,308.6100
2017-06-30,309.4600,309.9800,308.2100,308.5500
2017-06-29,309.1400,310.2900,308.9500,309.6500
2017-06-28,309.8700,310.2000,308.3400,309.4400
2017-06-27,309.0300,310.1800,308.6000,309.9600
2017-06-26,309.3900,309.7200,308.6400,309.2300
2017-06-25,309.5600,309.5600,308.8500,309.4300
2017-06-23,308.7400,309.9300,308.5100,309.9300
2017-06-22,309.1800,309.6700,308.3400,309.0600
2017-06-21,308.8100,309.5500,308.3900,309.2900
2017-06-20,307.4700,309.2400,307.2200,309.0800
2017-06-19,307.2700,308.2300,306.6600,307.8900
2017-06-18,307.4600,307.6200,307.0300,307.5600
2017-06-16,307.7500,308.1300,306.9900,306.9900
2017-06-15,305.5900,308.3200,305.4400,307.9700
2017-06-14,305.8800,306.6600,305.2000,305.9000
2017-06-13,307.2100,307.5000,305.6500,306.0100
2017-06-12,307.1100,307.7300,306.8600,307.2100
2017-06-11,307.7900,308.1800,306.9700,307.0800
2017-06-09,307.5400,308.1400,306.7900,307.2800
2017-06-08,308.0100,308.5100,307.3200,307.4700
2017-06-07,307.8000,308.8800,307.5400,308.3300
2017-06-06,306.9200,308.4900,306.8700,307.7900
2017-06-05,307.3400,307.7500,306.8000,307.0400
2017-06-04,307.2400,308.1900,307.0100,307.2200
2017-06-02,307.8000,308.5400,307.0700,308.4700
2017-06-01,307.7100,308.1900,307.0700,307.8700
2017-05-31,307.4800,308.5800,306.7100,307.9900
2017-05-30,307.7200,308.7900,307.2500,307.5700
2017-05-29,307.2400,308.0600,306.9700,307.6200
2017-05-28,307.2000,307.4700,306.7600,307.2100
2017-05-26,307.1100,307.8900,306.5600,307.5000
2017-05-25,307.6200,308.4400,306.3500,307.2500
2017-05-24,308.1400,309.0300,306.9000,307.6000
2017-05-23,308.0700,308.8800,307.8200,308.2800
2017-05-22,308.1400,309.0500,307.8300,308.2500
2017-05-21,307.8500,308.6700,307.8500,308.4000
2017-05-19,309.7700,309.9000,307.8100,308.1100
2017-05-18,308.6400,310.7700,308.5900,309.8600
2017-05-17,309.3400,310.3600,308.3000,308.9900
2017-05-16,308.5800,309.8200,308.2500,309.4400
2017-05-15,309.5100,309.8800,308.3500,308.7900
2017-05-14,309.8200,310.2700,309.2600,309.4500
2017-05-12,309.7300,310.4500,309.2800,310.1700
2017-05-11,310.3400,310.7000,309.5900,309.9400
2017-05-10,311.4100,311.8100,310.0500,310.4400
2017-05-09,310.8200,312.1100,310.6500,311.7100
2017-05-08,311.0800,311.8800,310.6500,310.8300
2017-05-07,311.3600,311.4900,310.8200,311.2900
2017-05-05,312.0200,312.3600,310.9300,311.2600
2017-05-04,311.4800,312.5600,311.4100,312.2700
2017-05-03,311.7900,312.3500,311.3900,311.9000
2017-05-02,311.7300,312.5700,311.3900,312.0800
2017-05-01,312.7000,313.2000,311.2900,311.8200
2017-04-30,312.8800,313.2100,311.8300,312.4900
2017-04-28,311.2300,313.3700,311.0800,313.3700
2017-04-27,312.1300,312.7900,311.0700,311.4400
2017-04-26,311.2900,313.0400,311.2200,312.3300
2017-04-25,311.0400,313.0400,310.9100,311.5400
2017-04-24,311.5800,312.6100,310.7100,311.1400
2017-04-23,312.0000,312.6100,311.0700,311.6800
2017-04-21,313.0200,314.2500,311.9500,311.9500
2017-04-20,313.0600,314.1400,312.4800,313.0100
2017-04-19,313.2800,313.7800,312.4400,313.1600
2017-04-18,313.2300,313.7600,312.0200,313.3600
2017-04-17,312.4400,313.7500,312.1400,313.3000
2017-04-16,312.4300,312.7700,312.0600,312.3700
2017-04-14,312.5800,313.0500,312.1300,312.8100
2017-04-13,312.4800,313.1400,311.7700,312.4800
2017-04-12,311.8400,312.7100,310.8800,312.5400
2017-04-11,310.8700,312.2400,310.6600,311.9800
2017-04-10,309.5300,311.4300,309.2700,310.8700
2017-04-09,309.5000,309.8800,309.3200,309.4400
2017-04-07,310.3200,310.7700,309.3900,309.9800
2017-04-06,309.9400,310.7300,309.0400,310.3700
2017-04-05,309.3800,310.3900,309.1900,310.1600
2017-04-04,308.0400,309.7400,307.9900,309.5100
2017-04-03,308.3900,309.1800,307.8800,308.2300
2017-04-02,308.4200,308.8700,308.1300,308.5300
2017-03-31,308.5800,309.0500,307.3300,308.5400
2017-03-30,309.3100,310.0400,308.1400,308.7700
2017-03-29,309.5100,310.3600,308.9900,309.5000
2017-03-28,308.4300,310.1100,308.2900,309.6300
2017-03-27,310.0700,310.6900,308.3500,308.7600
2017-03-26,309.5000,310.3300,309.5000,310.0800
2017-03-24,308.7100,310.7100,308.6300,309.5000
2017-03-23,308.3100,309.5400,308.0800,308.9600
2017-03-22,308.1400,309.2100,307.9700,308.4600
2017-03-21,308.1800,308.8100,307.7400,308.2500
2017-03-20,308.2100,308.8700,307.7700,308.2500
2017-03-19,308.0000,308.5400,307.8800,308.5200
2017-03-17,309.5000,309.8700,307.7400,308.4300
2017-03-16,310.1300,310.3500,308.8600,309.6300
2017-03-15,310.9400,311.2600,309.1900,310.2100
2017-03-14,311.9200,312.6400,310.6100,311.1500
2017-03-13,312.7000,313.1600,311.5600,311.9600
2017-03-12,312.1900,313.0200,312.0500,312.8600
2017-03-10,311.5300,313.1100,311.1000,312.3800
2017-03-09,310.7300,311.8900,310.0400,311.5200
2017-03-08,309.8000,311.8000,309.6000,310.7500
2017-03-07,309.7000,310.1900,309.0100,309.9700
2017-03-06,308.6600,309.9700,308.4200,309.6400
2017-03-05,308.8500,308.9500,308.1600,308.7000
2017-03-03,309.2300,309.9400,308.3600,308.8100
2017-03-02,307.1700,309.6400,306.9500,309.3600
2017-03-01,307.8800,308.3900,307.0400,307.2600
2017-02-28,307.2800,308.4700,307.0600,307.8800
2017-02-27,307.8800,308.6100,307.0500,307.4800
2017-02-26,308.1000,308.3500,307.9000,308.1600
2017-02-24,308.5300,308.9700,307.7400,308.2100
2017-02-23,307.6800,308.7500,307.0400,308.5100
2017-02-22,307.2100,308.2100,306.7200,307.7100
2017-02-21,307.5700,307.9500,306.5500,307.2900
2017-02-20,307.7600,308.4000,307.3800,307.6800
2017-02-19,308.0500,308.0500,307.3100,307.9800
2017-02-17,307.2200,308.4600,306.9600,307.7300
2017-02-16,307.6500,308.2500,306.7900,307.2500
2017-02-15,307.7100,308.6100,307.5600,307.8500
2017-02-14,307.8100,308.6800,307.5000,307.9500
2017-02-13,308.1100,308.4800,307.6400,308.0100
2017-02-12,307.8500,308.2100,307.5100,308.1700
2017-02-10,307.8400,308.7400,307.6300,307.7600
2017-02-09,308.6700,309.5400,307.6400,307.8500
2017-02-08,308.9800,309.6300,308.4100,308.8300
2017-02-07,309.4900,309.9000,308.5100,308.7100
2017-02-06,309.2900,310.2400,308.5100,309.6100
2017-02-05,309.6000,309.7000,309.2700,309.4800
2017-02-03,308.9800,309.9600,308.3500,309.2000
2017-02-02,309.2100,309.6900,308.0400,309.1300
2017-02-01,309.6400,310.6000,308.8900,309.2900
2017-01-31,310.2700,311.3000,309.3300,309.5000
2017-01-30,311.0500,311.6400,309.6400,310.1100
2017-01-29,311.0700,311.3000,310.7900,311.0500
2017-01-27,310.6700,312.0000,310.4900,311.6200
2017-01-26,309.9700,312.0100,309.2300,310.6800
2017-01-25,310.0600,310.6700,308.9700,310.0300
2017-01-24,310.0300,310.5800,309.3900,310.2100
2017-01-23,309.0500,310.5100,308.9300,310.1300
2017-01-22,309.1200,309.5300,308.9500,309.0500
2017-01-20,308.5600,309.7800,307.9500,309.1600
2017-01-19,307.3800,308.7600,307.1700,308.3000
2017-01-18,306.9900,308.1800,306.7500,307.3800
2017-01-17,307.3100,308.0700,306.7300,307.0600
2017-01-16,307.0800,307.9400,306.5500,307.3800
2017-01-15,306.7700,307.0300,306.3700,306.8600
2017-01-13,307.1800,307.7100,306.6000,306.9600
2017-01-12,307.3600,308.1200,306.5500,307.0200
2017-01-11,309.0600,309.6900,307.2600,307.4800
2017-01-10,307.8400,309.6100,307.6400,308.8800
2017-01-09,307.2100,308.8700,306.8800,307.8800
2017-01-08,307.3400,307.4600,306.9600,307.2200
2017-01-06,308.0100,308.2700,306.5400,306.8500
2017-01-05,307.7100,308.8000,307.5200,308.0400
2017-01-04,309.3000,309.3300,307.4900,307.6600
2017-01-03,308.8600,309.6600,308.1000,309.1200
2017-01-02,308.9600,309.6200,308.4600,308.5100
2017-01-01,309.0000,309.4400,308.4600,308.9600
2016-12-30,310.0600,311.6500,308.0100,309.0100
2016-12-29,308.9100,310.9600,308.2500,309.9600
2016-12-28,308.1000,309.5200,307.8100,308.9100
2016-12-27,309.0400,309.3500,307.7100,308.0900
2016-12-26,308.9300,309.3000,308.3800,309.0400
2016-12-25,308.7900,309.4300,308.5400,309.0300
2016-12-23,310.0700,310.6100,308.5000,309.2600
2016-12-22,310.2500,310.8000,309.5700,310.3600
2016-12-21,310.8300,311.1100,309.4300,310.2700
2016-12-20,311.3000,311.7400,310.3600,310.8100
2016-12-19,312.1500,312.2700,310.4100,311.3500
2016-12-18,312.4000,312.6200,311.7700,312.1500
2016-12-16,312.5000,313.3200,311.5600,311.9600
2016-12-15,313.6200,314.3000,311.9800,312.2800
2016-12-14,314.0500,315.0600,312.8100,313.6500
2016-12-13,314.4000,314.7400,313.6500,313.8200
2016-12-12,314.5100,314.9100,313.3500,314.0800
2016-12-11,314.6500,314.7000,314.1600,314.4300
2016-12-09,314.3000,314.9700,313.6100,314.8000
2016-12-08,313.0200,315.1000,312.6600,314.0400
2016-12-07,312.3800,314.0500,312.2700,312.9100
2016-12-06,313.5000,314.5500,312.2300,312.3000
2016-12-05,312.4700,314.6300,312.0400,313.6900
2016-12-04,313.1700,313.2800,312.1500,312.2900
2016-12-02,313.9900,314.5800,312.7900,313.1600
2016-12-01,312.4100,314.3700,312.2100,314.1700
2016-11-30,311.3900,313.4200,310.4900,312.4800
2016-11-29,310.8700,312.0200,310.6500,311.2000
2016-11-28,309.7600,311.4400,309.3500,310.7600
2016-11-27,309.7200,309.9800,309.4800,309.7600
2016-11-25,310.5600,310.6000,308.8900,309.7400
2016-11-24,310.1300,310.6700,309.6300,310.4100
2016-11-23,308.5500,310.4600,308.2400,310.1000
2016-11-22,308.4900,309.0300,307.5600,308.4400
2016-11-21,309.0200,309.3400,308.2800,308.6300
2016-11-20,308.9800,309.2400,308.4300,308.9600
2016-11-18,309.6400,310.6400,308.3800,309.0600
2016-11-17,310.0200,310.2000,308.4400,309.3900
2016-11-16,309.6800,311.0800,309.3100,309.6900
2016-11-15,310.5600,310.7700,308.9000,309.6200
2016-11-14,308.8900,310.9400,308.3500,310.3900
2016-11-13,305.3600,309.2500,305.3600,308.8800
2016-11-11,307.5000,309.8200,307.2300,308.9800
2016-11-10,305.6000,308.8600,305.2500,307.5500
2016-11-09,304.9600,307.4200,304.5800,305.3800
2016-11-08,305.3900,306.2200,304.7600,304.8100
2016-11-07,305.5900,306.7000,305.0200,305.3600
2016-11-06,305.6800,306.0800,305.3400,305.9800
2016-11-04,306.6000,307.0500,305.3400,306.0000
2016-11-03,308.0100,308.6300,306.4000,306.7500
2016-11-02,307.9100,308.6800,307.6400,308.1800
2016-11-01,308.5100,308.8800,307.0100,307.9100
2016-10-31,309.4300,309.9400,307.8000,308.5600
2016-10-30,309.4400,309.8600,308.2600,309.3700
2016-10-28,309.1400,309.9000,308.8900,309.2100
2016-10-27,308.8300,309.8500,308.6600,309.2500
2016-10-26,308.7200,309.7100,308.6500,308.8700
2016-10-25,308.3400,308.9700,307.5500,308.7000
2016-10-24,308.5100,308.7200,307.5000,308.3900
2016-10-23,308.0600,308.5800,307.9700,308.4500
2016-10-21,307.0700,308.7800,306.9500,308.2700
2016-10-20,306.6000,307.7400,306.3900,307.0600
2016-10-19,306.4900,307.3800,305.9400,306.7500
2016-10-18,306.7000,307.3200,306.2300,306.4400
2016-10-17,305.5800,307.6200,305.2200,306.7900
2016-10-16,305.5600,305.9000,305.2600,305.2700
2016-10-14,305.1200,306.1600,304.8700,305.8000
2016-10-13,305.3600,306.9200,304.8400,305.2600
2016-10-12,304.8900,306.3100,304.3400,305.4700
2016-10-11,303.9700,305.7400,303.2800,304.7800
2016-10-10,304.2700,304.7900,303.3300,303.9400
2016-10-09,304.2700,304.4600,303.7100,304.4500
2016-10-07,303.6900,304.9800,303.0500,304.4200
2016-10-06,304.8200,305.4500,303.4000,303.7200
2016-10-05,307.1200,307.8800,304.2800,304.9400
2016-10-04,307.2600,308.1700,306.2300,307.2100
2016-10-03,307.8800,308.7600,307.0700,307.2500
2016-10-02,307.9700,308.3800,307.7100,307.8800
2016-09-30,308.4300,309.9000,307.5900,307.8500
2016-09-29,307.8800,309.1500,307.5400,308.5400
2016-09-28,307.5100,308.4700,307.1600,307.8000
2016-09-27,306.8400,307.9300,305.8500,307.5200
2016-09-26,305.7800,307.0700,305.5600,306.7200
2016-09-25,305.5000,305.8400,305.3700,305.8400
2016-09-23,305.8900,306.3700,304.8300,305.6000
2016-09-22,307.9700,308.1900,305.0500,306.0600
2016-09-21,308.6600,308.8300,307.6400,308.0800
2016-09-20,308.6300,309.8800,308.2700,308.6500
2016-09-19,308.3200,308.7900,307.2700,308.5400
2016-09-18,308.7800,308.8900,308.1200,308.1500
2016-09-16,309.5000,310.2600,307.5800,307.7000
2016-09-15,309.9300,310.3700,309.3200,309.6800
2016-09-14,309.7700,310.4200,309.4400,309.9500
2016-09-13,309.2900,310.4500,309.1000,309.8700
2016-09-12,309.2500,310.7000,308.9300,309.2900
2016-09-11,309.1900,309.4000,309.0600,309.3300
2016-09-09,308.5700,309.7100,308.0700,309.0400
2016-09-08,308.1100,308.7500,307.5600,308.5800
2016-09-07,309.4100,309.5800,307.8900,308.3100
2016-09-06,309.6300,310.1000,308.9000,309.4100
2016-09-05,309.7800,310.1700,308.8600,309.6700
2016-09-04,309.4400,310.0800,309.2600,309.9400
2016-09-02,309.3300,310.5000,308.9500,309.7300
2016-09-01,309.3800,310.4600,309.1400,309.3900
2016-08-31,309.3200,310.5800,308.1300,309.3700
2016-08-30,308.3400,309.9800,308.1200,309.1300
2016-08-29,308.3600,309.4000,308.0700,308.3800
2016-08-28,308.6700,308.6700,308.0400,308.5000
2016-08-26,309.1400,309.3800,307.9500,308.6500
2016-08-25,309.2600,309.9200,308.8100,309.2300
2016-08-24,309.7200,310.4500,309.0300,309.3400
2016-08-23,310.2500,310.7000,309.3800,309.7100
2016-08-22,310.1600,310.5000,309.7200,310.2400
2016-08-21,309.8500,310.2500,309.7800,310.2100
2016-08-19,309.9700,310.7600,309.7100,309.9100
2016-08-18,310.7500,311.2300,309.7600,310.1200
2016-08-17,309.8100,311.3500,309.3600,310.7800
2016-08-16,309.2200,310.0900,308.9200,309.8000
2016-08-15,309.7500,309.9800,308.9700,309.1700
2016-08-14,309.7000,309.8300,309.1900,309.6400
2016-08-12,309.7900,310.3800,308.8100,309.3800
2016-08-11,310.2600,310.6900,309.4400,309.5100
2016-08-10,310.3400,310.6900,309.8400,310.0400
2016-08-09,311.1200,311.4400,309.9700,310.0800
2016-08-08,310.2000,311.4500,309.9400,310.8700
2016-08-07,310.0700,310.3400,309.9600,309.9600
2016-08-05,310.7500,311.4500,309.9400,310.6600
2016-08-04,310.6000,311.5400,310.3700,310.6700
2016-08-03,311.1400,311.6400,310.3400,310.7600
2016-08-02,310.6400,311.8800,310.3200,311.1400
2016-08-01,311.0800,312.0300,310.3300,310.6700
2016-07-31,310.6400,311.4800,310.5900,311.0200
2016-07-29,311.5600,312.6200,310.4700,310.9200
2016-07-28,313.1100,313.5400,311.1900,311.5600
2016-07-27,312.9400,314.1000,312.5400,313.0200
2016-07-26,311.9200,313.8700,311.7500,312.8800
2016-07-25,313.1200,313.5700,311.2700,311.7900
2016-07-24,313.1700,313.2900,312.8400,312.8400
2016-07-22,313.7000,313.9800,312.7000,313.3500
2016-07-21,314.3900,314.8600,313.2300,313.8500
2016-07-20,315.0800,315.3000,313.9000,314.5100
2016-07-19,314.6200,315.5500,314.2200,315.0400
2016-07-18,315.1600,315.5900,314.1800,314.7100
2016-07-17,315.2700,315.8800,314.7700,315.5000
2016-07-15,314.1200,315.7700,313.8800,315.3300
2016-07-14,313.8300,314.3200,313.0700,314.2400
2016-07-13,313.6100,314.4000,312.7500,313.7800
2016-07-12,313.5900,314.2900,312.5600,313.5300
2016-07-11,314.0400,314.2500,312.4000,313.6900
2016-07-10,313.9300,314.2600,313.6700,314.2400
2016-07-08,315.1400,315.5800,313.1200,313.8800
2016-07-07,316.4000,316.6500,314.2900,315.1800
2016-07-06,316.5600,316.9800,315.7700,316.5200
2016-07-05,316.3200,317.2500,315.7300,316.3500
2016-07-04,316.8300,317.0700,316.1200,316.4800
2016-07-03,316.8700,317.0800,316.3400,316.8000
2016-07-01,315.3900,317.3100,314.9300,316.1300
2016-06-30,316.5900,317.1800,314.6700,315.2200
2016-06-29,316.8500,317.6100,315.7500,316.8100
2016-06-28,318.2400,318.4800,316.0500,316.7000
2016-06-27,317.4000,318.7100,316.5500,318.2500
2016-06-26,317.4000,317.4800,317.0100,317.3800
2016-06-24,312.8100,321.9600,312.6600,317.7100
2016-06-23,313.9100,314.7500,311.7700,312.8500
2016-06-22,314.3000,315.3800,313.5700,313.7900
2016-06-21,312.7900,314.9500,312.4000,314.5600
2016-06-20,313.7000,313.8600,312.0600,312.5400
2016-06-19,313.9500,314.4000,313.4700,313.6000
2016-06-17,313.8300,314.9400,313.4200,313.8500
2016-06-16,314.0100,315.7300,313.6400,313.9800
2016-06-15,313.7500,314.7700,313.0700,314.1100
2016-06-14,312.4600,314.6600,312.1400,313.8500
2016-06-13,311.8400,313.3200,311.1600,312.5700
2016-06-12,311.5200,312.1000,311.5200,311.9900
2016-06-10,310.9100,312.3500,310.5700,311.7900
2016-06-09,310.1200,311.8700,309.9400,310.9800
2016-06-08,310.3900,310.8700,309.6900,310.0100
2016-06-07,310.7500,311.3800,309.8600,310.4300
2016-06-06,311.9700,312.5000,310.3300,310.9300
2016-06-05,312.2500,312.4600,311.8000,311.8000
2016-06-03,312.4500,312.8400,311.4700,311.7800
2016-06-02,313.5500,314.0100,312.1300,312.5400
2016-06-01,313.4900,314.3100,313.1500,313.4900
2016-05-31,313.6600,314.3100,313.1000,313.5100
2016-05-30,313.7500,314.2000,313.3800,313.3800
2016-05-29,313.9000,313.9500,313.6300,313.7500
2016-05-27,313.8600,315.0600,313.3700,313.9600
2016-05-26,313.8400,314.4400,313.2100,313.9000
2016-05-25,315.1400,315.4200,313.5600,313.8900
2016-05-24,317.3200,317.8000,314.7500,315.3000
2016-05-23,314.8500,317.8000,314.1600,317.1400
2016-05-22,315.5400,315.5400,314.6100,314.6600
2016-05-20,316.1900,317.0000,314.3000,314.6300
2016-05-19,315.8600,316.8300,315.5400,315.9900
2016-05-18,314.9400,316.9000,314.5800,315.7400
2016-05-17,315.1000,315.8300,314.0400,315.0800
2016-05-16,315.2900,315.9700,314.3200,315.1000
2016-05-15,315.1100,315.5900,314.8700,315.1000
2016-05-13,315.4400,316.4000,314.5400,315.2200
2016-05-12,315.5400,316.0500,314.4100,315.2800
2016-05-11,314.3900,315.8800,314.0000,315.6900
2016-05-10,315.6100,316.0600,312.9700,314.5200
2016-05-09,313.9100,316.1800,313.2400,315.2700
2016-05-08,314.3800,314.3800,313.6200,313.8200
2016-05-06,312.3900,314.4800,312.1200,313.8200
2016-05-05,312.7600,313.4000,311.9600,312.4400
2016-05-04,311.9900,313.2800,311.6200,312.8100
2016-05-03,310.5700,312.6500,310.4800,311.8100
2016-05-02,311.5700,311.8900,310.0800,310.7300
2016-05-01,310.8300,311.7100,310.8300,311.5500
2016-04-29,311.2000,313.1700,310.7600,311.4500
2016-04-28,311.3200,311.7300,310.2300,311.0900
2016-04-27,311.3500,312.6400,310.8900,311.1900
2016-04-26,311.5600,312.7900,310.7000,311.0800
2016-04-25,310.1300,312.1100,310.0400,311.3300
2016-04-24,310.2600,310.4800,310.0000,310.1800
2016-04-22,309.5400,310.9200,309.3200,309.9900
2016-04-21,308.9600,310.9300,308.4400,309.5400
2016-04-20,309.6300,310.1200,308.3700,308.9400
2016-04-19,310.6900,311.0200,309.2200,309.5700
2016-04-18,311.1500,311.3500,309.7600,310.4800
2016-04-15,311.0900,311.3800,309.9000,310.2500
2016-04-14,310.9900,311.6900,310.3300,311.3100
2016-04-13,311.0000,311.3600,310.2300,310.6800
2016-04-12,311.4600,312.1100,310.7300,311.0100
2016-04-11,312.3200,312.6900,311.1700,311.2100
2016-04-10,312.5000,313.1700,311.7300,312.1200
2016-04-08,312.0800,312.9500,311.6200,312.1500
2016-04-07,312.0700,312.5100,311.2400,312.1300
2016-04-06,312.7700,313.2000,311.5200,312.0700
2016-04-05,312.2200,313.3600,311.6900,313.0800
2016-04-04,313.2400,313.6400,311.7700,312.0300
2016-04-03,312.9300,313.5100,312.9200,313.1100
2016-04-01,313.5900,314.0400,312.6300,313.1800
2016-03-31,314.6300,315.0000,313.2500,313.3500
2016-03-30,312.9200,314.9700,312.6300,314.5600
2016-03-29,313.2300,314.4800,312.7500,312.9500
2016-03-28,313.6900,313.9400,312.9000,313.3700
2016-03-27,314.0400,314.0400,313.1700,313.6200
2016-03-25,313.5600,313.9200,312.7300,313.5200
2016-03-24,312.9300,314.4000,312.6900,313.5600
2016-03-23,311.4400,313.9300,311.1200,312.9400
2016-03-22,310.4700,313.0400,310.2400,311.3300
2016-03-21,309.7400,311.2300,309.4000,310.5100
2016-03-20,310.2700,310.3900,309.4600,309.5100
2016-03-18,310.1100,310.8300,309.2500,309.2500
2016-03-17,311.3900,311.8700,309.6100,310.1500
2016-03-16,310.3000,312.1300,309.4900,311.1700
2016-03-15,309.8400,311.0300,309.4000,310.1600
2016-03-14,310.0800,310.7000,309.3200,309.5800
2016-03-13,309.7600,310.4700,309.5800,310.0800
2016-03-11,310.8400,311.4700,309.3900,309.6400
2016-03-10,308.9200,311.5900,308.4500,310.9600
2016-03-09,309.6900,310.6200,308.5100,308.9400
2016-03-08,309.6000,311.5100,309.0700,309.7400
2016-03-07,308.3300,310.3400,307.7800,309.7200
2016-03-06,308.0500,308.3300,307.9800,308.3200
2016-03-04,309.5700,310.2900,307.2200,308.0100
2016-03-03,310.2000,310.6400,308.3300,309.4300
2016-03-02,309.3500,311.3400,309.0200,310.3700
2016-03-01,309.7100,310.4200,308.2800,309.3900
2016-02-29,311.0500,311.6300,309.2800,309.5700
2016-02-28,311.1100,311.4300,308.0200,310.9000
2016-02-26,311.1400,311.9700,309.6300,311.1800
2016-02-25,309.8400,311.5800,309.3200,310.9900
2016-02-24,307.8600,311.0400,307.2400,309.9400
2016-02-23,306.9400,308.1400,306.6400,307.9200
2016-02-22,308.5700,308.9500,306.4800,306.8900
2016-02-21,308.3500,308.5200,307.8400,308.4900
2016-02-19,309.8600,310.3800,307.9500,308.3500
2016-02-18,309.7900,310.3300,309.0100,309.8900
2016-02-17,310.5300,311.9100,308.9700,309.7300
2016-02-16,309.1900,311.4000,309.0000,310.6300
2016-02-15,309.9500,310.0300,308.6300,309.1700
2016-02-14,309.6900,310.2000,309.4600,309.8100
2016-02-12,311.0600,311.0700,309.0500,309.4800
2016-02-11,311.2300,312.8800,310.4100,310.9400
2016-02-10,311.2700,312.3900,310.5600,311.2000
2016-02-09,310.4800,312.9600,310.1300,311.4400
2016-02-08,309.2200,311.5900,308.7900,310.6900
2016-02-07,309.0200,310.0500,308.9200,309.2100
2016-02-05,310.3300,310.6900,308.6000,309.4100
2016-02-04,311.0400,311.3000,309.3700,310.2700
2016-02-03,311.8300,312.1100,310.0500,311.2200
2016-02-02,310.1600,312.0800,309.5500,311.8300
2016-02-01,310.8000,311.8300,309.8300,310.1200
2016-01-31,310.9000,311.1300,310.7200,310.8900
2016-01-29,313.0800,313.5900,310.2400,310.9800
2016-01-28,313.6900,314.6700,312.6600,313.1500
2016-01-27,311.7800,314.3900,311.6300,313.6000
2016-01-26,312.2100,312.9000,311.4100,311.7900
2016-01-25,311.6300,313.1200,311.0600,312.1100
2016-01-24,311.0100,311.8300,310.6000,311.5700
2016-01-22,314.4000,314.4000,310.7700,310.7700
2016-01-21,314.5900,315.5200,313.0300,314.3900
2016-01-20,314.8600,316.3300,314.1300,314.6400
2016-01-19,315.1100,315.4900,314.1800,314.8700
2016-01-18,315.2100,315.9000,314.3200,315.1100
2016-01-17,315.0500,316.0000,314.9500,315.0400
2016-01-16,314.8000,314.8000,314.8000,314.8000
2016-01-15,314.5100,316.0300,313.3400,314.9900
2016-01-14,315.3700,316.5800,314.2900,314.4800
2016-01-13,316.1900,316.5400,314.3200,315.2600
2016-01-12,317.3000,319.1300,315.4900,316.1900
2016-01-11,316.0700,317.9500,315.5500,317.2400
2016-01-10,316.2800,316.2800,315.5900,315.7700
2016-01-08,314.3700,316.9700,313.5700,316.9100
2016-01-07,314.5000,316.2100,313.2200,314.1200
2016-01-06,313.3100,315.0700,313.0300,314.5200
2016-01-05,314.5100,315.6300,313.0100,313.3100
2016-01-04,315.1800,316.2200,313.7400,314.4600
2016-01-03,313.9700,315.4500,313.9700,314.9700
2015-12-31,313.0700,316.1100,312.3300,315.1300
2015-12-30,312.6400,313.8600,312.0200,313.0800
2015-12-29,313.5200,314.3800,312.4000,312.6400
2015-12-28,315.8300,316.5100,312.9100,313.5000
2015-12-27,316.1300,316.2300,315.4900,315.8200
2015-12-25,316.2300,316.4700,315.4100,316.2300
2015-12-24,314.1800,316.4100,313.9600,315.3900
2015-12-23,313.5800,314.8900,313.0600,314.3000
2015-12-22,313.2500,314.5000,312.9800,313.7200
2015-12-21,313.8700,314.4500,312.6900,313.2000
2015-12-20,313.2600,313.9800,312.8900,313.5600
2015-12-18,316.5900,316.8700,312.7800,313.3800
2015-12-17,315.3400,316.8300,314.9100,316.6100
2015-12-16,315.5500,317.8800,315.0100,315.6400
2015-12-15,317.1900,317.6600,314.9300,315.6000
2015-12-14,316.6400,317.5200,315.5900,317.0300
2015-12-13,317.3000,317.4900,316.3400,316.7200
2015-12-11,317.2700,318.0900,316.2700,317.0900
2015-12-10,315.7400,317.6900,315.2400,317.3100
2015-12-09,313.4300,316.4600,313.1200,315.5000
2015-12-08,312.8900,314.6100,312.3000,313.6000
2015-12-07,312.3700,313.0700,311.0000,312.9400
2015-12-06,312.9100,312.9100,312.1900,312.5800
2015-12-04,313.1400,314.1500,311.8900,312.2800
2015-12-03,310.0700,313.6900,309.3600,313.0900
2015-12-02,312.2500,312.5000,309.8800,310.1200
2015-12-01,310.6100,312.4400,310.0300,312.1800
2015-11-30,311.6100,311.9300,310.3000,310.6300
2015-11-29,311.7600,311.7600,311.0100,311.5400
2015-11-27,311.8700,312.5000,311.1100,311.9000
2015-11-26,311.9200,312.5200,311.5000,311.8900
2015-11-25,311.7400,312.6300,311.4200,311.8500
2015-11-24,311.6900,312.2900,311.3100,311.8700
2015-11-23,310.6700,312.0200,309.9000,311.6000
2015-11-22,310.1300,311.3500,310.1300,310.6700
2015-11-20,309.9800,310.8300,308.6300,310.3700
2015-11-19,310.3300,310.7900,309.4400,310.0000
2015-11-18,310.8500,311.4900,309.9600,310.2200
2015-11-17,311.6300,312.3100,310.5700,311.0100
2015-11-16,311.4200,312.1300,310.9900,311.7100
2015-11-15,311.1400,311.4500,311.0200,311.2400
2015-11-13,312.3600,312.7700,310.8500,311.2800
2015-11-12,311.6100,312.6600,311.1100,312.3900
2015-11-11,312.2300,312.7200,311.0300,311.5200
2015-11-10,313.3600,313.7600,311.7200,312.2100
2015-11-09,314.4100,315.2500,313.0100,313.4400
2015-11-08,314.3100,314.4500,313.7100,314.1600
2015-11-06,313.2700,315.3200,313.1500,314.6000
2015-11-05,314.1600,314.6400,313.0600,313.1600
2015-11-04,312.6900,315.0000,312.6000,314.1500
2015-11-03,312.3500,314.2900,312.1100,313.0900
2015-11-02,310.2400,312.9900,309.8100,312.5600
2015-11-01,310.1200,310.2400,309.2400,310.0600
2015-10-30,310.1800,310.9800,309.1300,310.5200
2015-10-29,310.9800,312.1100,309.7100,310.0500
2015-10-28,311.4600,312.3900,310.7900,311.0900
2015-10-27,311.4700,312.9000,311.0600,311.4600
2015-10-26,311.6400,312.0700,309.7100,311.5000
2015-10-25,311.7100,311.7500,310.9900,311.6300
2015-10-23,309.9500,312.1400,308.4500,311.6600
2015-10-22,311.4900,311.9000,309.7100,309.9900
2015-10-21,310.1600,312.0000,309.9500,311.4500
2015-10-20,309.7600,310.9400,309.5900,310.2400
2015-10-19,309.7900,310.6300,308.6600,309.8500
2015-10-18,310.4800,310.4800,309.2100,309.6000
2015-10-16,309.1600,310.4500,308.4300,309.9100
2015-10-15,309.5700,310.1400,308.3500,309.2400
2015-10-14,311.4300,311.6400,309.2600,309.6300
2015-10-13,309.7000,312.0400,309.4500,311.5800
2015-10-12,311.2600,311.4600,309.3100,309.7100
2015-10-11,311.2000,311.4800,310.8500,311.3400
2015-10-09,311.1800,311.7300,310.2100,310.5000
2015-10-08,312.2700,312.9800,310.9800,311.0600
2015-10-07,311.0900,312.4800,310.7600,312.3400
2015-10-06,312.1000,313.8600,310.2300,311.0800
2015-10-05,311.7000,312.5400,310.6900,312.0400
2015-10-04,311.5500,311.8800,311.1500,311.6700
2015-10-02,312.5400,313.7900,311.1300,311.4400
2015-10-01,313.2400,313.4800,311.9300,312.5800
2015-09-30,313.4500,314.0000,312.6000,313.3600
2015-09-29,314.2600,315.9800,313.1800,313.5600
2015-09-28,314.5300,315.7000,313.5900,314.2100
2015-09-27,314.4500,314.9300,314.2300,314.5900
2015-09-25,314.0900,315.7300,312.9100,314.7700
2015-09-24,312.0600,315.6200,311.3400,313.9200
2015-09-23,311.1000,312.4200,309.4400,312.1000
2015-09-22,310.4200,312.1300,309.1700,311.1200
2015-09-21,310.3600,311.3100,309.2400,310.3000
2015-09-20,310.7100,311.0200,309.9500,310.5900
2015-09-18,309.7600,311.3100,309.2800,310.6600
2015-09-17,311.5800,312.4300,309.4000,309.8100
2015-09-16,312.0900,312.2200,310.9900,311.6000
2015-09-15,313.0900,313.8100,311.4900,312.0600
2015-09-14,313.2100,313.9300,312.5200,313.2700
2015-09-13,312.6800,314.0300,312.6800,313.2000
2015-09-11,315.1600,316.1900,312.6700,312.6800
2015-09-10,314.8600,315.6500,313.6900,314.9500
2015-09-09,313.2700,315.2500,312.4900,314.8500
2015-09-08,314.0400,314.5700,312.8800,313.1500
2015-09-07,313.6800,314.7600,312.7300,313.9800
2015-09-06,313.2700,314.0800,313.2700,313.6600
2015-09-04,312.5100,314.2300,312.2800,313.4500
2015-09-03,313.2700,314.5600,311.1500,312.4700
2015-09-02,314.2700,315.6600,312.7900,313.1900
2015-09-01,313.6600,315.2300,313.4100,314.0400
2015-08-31,313.8500,315.0000,312.9200,313.6500
2015-08-30,314.0100,314.2500,313.4300,313.7900
2015-08-28,314.4100,315.9200,313.1100,313.8900
2015-08-27,315.8200,316.2500,313.2400,314.1000
2015-08-26,314.2300,316.9200,313.6700,315.7500
2015-08-25,312.6700,314.9000,310.8700,314.0600
2015-08-24,312.9700,316.5400,311.4600,312.6500
2015-08-23,314.6200,314.6300,312.9700,312.9700
2015-08-21,311.7500,315.3300,311.6300,314.5900
2015-08-20,309.8200,312.9500,309.6300,311.8100
2015-08-19,308.9100,310.3300,308.6600,309.6700
2015-08-18,309.0700,309.5100,308.1400,308.8500
2015-08-17,310.4600,311.2200,308.4300,308.8900
2015-08-16,310.7400,310.8100,310.0200,310.4400
2015-08-14,309.5400,310.9300,309.1100,309.1100
2015-08-13,310.9600,311.4600,309.3900,309.5600
2015-08-12,311.4800,312.8600,310.6200,310.6900
2015-08-11,311.2100,312.7600,310.6700,311.1900
2015-08-10,310.4800,311.5700,309.5500,311.1200
2015-08-09,310.7800,311.0700,310.0800,310.3100
2015-08-07,310.8700,311.2300,309.6600,309.6600
2015-08-06,309.2100,311.4700,308.7200,310.7500
2015-08-05,309.7400,309.9800,308.6200,309.2100
2015-08-04,307.2400,310.1500,306.7100,309.7900
2015-08-03,307.0600,308.1300,306.8100,307.3900
2015-08-02,307.0800,307.3900,306.8700,307.0400
2015-07-31,308.5700,309.3700,306.7900,307.3100
2015-07-30,308.7600,309.5900,306.7400,308.5200
2015-07-29,308.9500,310.1000,308.2200,308.6400
2015-07-28,310.0500,310.2600,308.6900,308.9100
2015-07-27,311.2900,312.4400,308.6700,310.0300
2015-07-26,311.2100,311.4300,310.8400,311.3000
2015-07-24,310.2600,311.6700,309.3000,311.1100
2015-07-23,307.5600,310.7400,307.5000,310.2400
2015-07-22,307.9600,308.8100,307.2500,307.5700
2015-07-21,309.8600,310.0700,306.7200,307.9900
2015-07-20,308.9900,310.2700,308.6600,309.7300
2015-07-19,308.8400,309.0100,308.6500,308.8600
2015-07-17,309.3600,309.8800,308.2100,308.2900
2015-07-16,309.3900,309.9700,308.2600,309.2500
2015-07-15,310.4500,311.0700,309.1000,309.2100
2015-07-14,310.1500,311.6700,309.4500,310.4500
2015-07-13,312.3600,312.7100,309.4900,309.9800
2015-07-12,312.4700,312.5100,311.3800,312.5100
2015-07-10,314.9500,315.6000,310.1300,311.5600
2015-07-09,317.7400,317.8200,314.4600,314.8600
2015-07-08,316.6800,318.0300,316.1800,317.6900
2015-07-07,315.9200,317.5400,315.3300,316.6200
2015-07-06,316.1700,317.1300,314.5300,315.8900
2015-07-05,315.0800,317.8800,315.0700,316.4000
2015-07-03,314.6300,315.5000,313.4600,314.9300
2015-07-02,313.5400,315.0700,312.7700,314.6200
2015-07-01,314.8300,315.4200,313.2100,313.4100
2015-06-30,315.5700,315.7500,314.0500,314.6400
2015-06-29,313.9500,316.1400,312.9900,315.5300
2015-06-28,312.0100,314.9300,312.0100,313.8500
2015-06-26,312.1400,312.8400,311.2500,311.5500
2015-06-25,310.9300,312.9900,310.6800,312.0600
2015-06-24,309.4600,311.4400,308.8000,310.9300
2015-06-23,310.7200,311.0300,308.5600,309.4900
2015-06-22,312.9300,313.3000,310.2000,310.7200
2015-06-21,312.7400,312.9700,312.6000,312.6600
2015-06-19,312.3000,313.8100,312.1300,313.5500
2015-06-18,310.9100,312.8800,309.7100,312.3500
2015-06-17,311.4000,312.5700,310.4600,310.8100
2015-06-16,312.2000,313.2900,310.1600,311.2000
2015-06-15,312.4900,313.7000,311.8700,312.2100
2015-06-14,311.6000,313.0100,311.6000,312.3100
2015-06-13,311.7100,311.7100,311.7100,311.7100
2015-06-12,310.6500,312.7600,310.5800,311.2300
2015-06-11,312.0100,312.7700,310.3000,310.6200
2015-06-10,312.7200,313.7900,311.4200,311.9600
2015-06-09,313.6300,314.0600,311.8600,312.7300
2015-06-08,311.6600,314.3300,311.4900,313.6700
2015-06-07,311.7900,312.2300,311.4300,311.4800
2015-06-05,311.0400,313.1800,310.5300,311.0700
2015-06-04,312.3500,314.1600,310.6800,311.0000
2015-06-03,311.7200,313.2500,310.8800,312.2100
2015-06-02,308.3300,312.4400,308.0700,311.5600
2015-06-01,309.0400,309.8800,307.9900,308.4600
2015-05-31,308.8200,309.0700,308.7400,308.8400
2015-05-29,309.0200,309.7400,308.3600,308.8600
2015-05-28,309.0200,309.5300,308.0000,309.0000
2015-05-27,308.6800,309.3800,307.9100,308.8800
2015-05-26,307.8000,309.6400,307.4800,308.6100
2015-05-25,307.3300,308.2800,306.5900,307.8000
2015-05-24,306.7500,307.7900,306.4300,307.7100
2015-05-22,307.4200,308.4100,306.4000,306.9600
2015-05-21,306.7600,307.7900,305.8000,307.3400
2015-05-20,305.6600,307.2700,305.3000,306.7200
2015-05-19,308.6100,308.9200,304.3800,305.7500
2015-05-18,306.2700,309.4700,305.7300,308.5900
2015-05-17,306.5000,306.5000,305.8300,306.1000
2015-05-15,306.2000,307.3500,304.9700,306.1600
2015-05-14,307.6200,308.2500,305.3300,306.1900
2015-05-13,306.6500,307.9800,304.6000,307.6600
2015-05-12,304.7400,307.5600,304.1200,306.7800
2015-05-11,302.4800,305.0300,302.0100,304.8500
2015-05-10,302.6300,302.6300,301.9400,302.2600
2015-05-08,303.1800,304.4600,301.5400,301.5400
2015-05-07,305.3600,307.5900,302.7700,303.1800
2015-05-06,303.4900,306.1500,303.1700,305.2900
2015-05-05,303.3800,304.2600,300.6500,303.4900
2015-05-04,303.3900,303.8400,302.2500,303.3200
2015-05-03,303.2200,303.6200,302.6200,303.3000
2015-05-01,303.3600,304.6200,302.8600,303.1000
2015-04-30,302.0400,304.2700,301.6800,303.3200
2015-04-29,300.7500,303.1800,300.4600,302.1800
2015-04-28,299.9700,301.8200,299.7000,300.7900
2015-04-27,303.0100,303.8800,299.2300,299.8800
2015-04-26,302.8800,303.3700,302.7700,302.8900
2015-04-24,299.7900,303.7100,299.6000,302.6900
2015-04-23,300.3700,302.4200,299.5000,299.7300
2015-04-22,298.6100,302.0200,297.8300,300.3700
2015-04-21,298.0100,298.9700,296.9400,298.4900
2015-04-20,300.6500,301.7500,297.5500,297.8800
2015-04-19,301.3200,301.3200,300.1700,300.5500
2015-04-17,301.5700,302.4300,300.4000,301.0500
2015-04-16,299.9900,302.3000,298.5600,301.7300
2015-04-15,296.5400,300.5000,295.3900,300.1000
2015-04-14,296.4700,296.9500,295.4200,296.5000
2015-04-13,296.7100,297.4500,296.1900,296.3400
2015-04-12,296.7200,296.8900,296.4000,296.5300
2015-04-11,296.7300,296.7300,296.7300,296.7300
2015-04-10,298.1500,298.7200,296.1100,297.1900
2015-04-09,296.4400,298.8500,296.0500,298.1700
2015-04-08,298.2600,298.4900,295.8500,296.4600
2015-04-07,298.9200,299.5400,297.6700,298.2100
2015-04-06,298.8500,299.4000,298.1900,298.7800
2015-04-05,298.8500,299.7600,298.5800,298.7400
2015-04-03,299.6400,300.4400,298.2100,298.7000
2015-04-02,298.5800,300.4500,298.2500,299.4500
2015-04-01,300.3200,300.6800,297.5400,298.5800
2015-03-31,299.1000,300.6900,298.3600,299.9500
2015-03-30,299.9800,300.1900,298.6000,298.9100
2015-03-29,300.1000,300.3300,299.7400,299.8700
2015-03-27,299.7300,301.2600,299.3700,300.1000
2015-03-26,298.7600,300.8600,298.2800,299.4800
2015-03-25,298.7900,299.5800,297.3500,298.6300
2015-03-24,303.3200,303.9000,298.2200,298.7100
2015-03-23,303.1300,304.7700,302.5800,303.2900
2015-03-22,303.6100,303.7200,302.8500,302.9100
2015-03-21,302.8800,302.8800,302.8800,302.8800
2015-03-20,303.1700,305.5000,302.3800,302.5600
2015-03-19,302.9800,304.4400,300.9100,303.2400
2015-03-18,303.7300,304.5000,302.7200,302.8700
2015-03-17,303.1500,304.5100,302.8200,303.5400
2015-03-16,305.7200,306.1600,302.8000,302.8200
2015-03-15,305.4600,305.9000,305.4300,305.5400
2015-03-13,303.7100,307.3200,303.3400,305.8500
2015-03-12,303.2800,304.4200,302.5500,303.7700
2015-03-11,307.3500,307.7100,302.6600,303.1500
2015-03-10,305.2100,309.2600,304.7200,307.3600
2015-03-09,305.2100,306.1600,303.8500,304.9900
2015-03-08,305.3000,305.8700,304.9400,304.9600
2015-03-06,305.0200,305.8000,302.8500,305.7300
2015-03-05,306.0600,306.3500,304.2000,304.8400
2015-03-04,306.4300,307.8000,305.1000,306.0600
2015-03-03,304.5200,306.8600,304.0200,306.3300
2015-03-02,302.8500,304.8500,302.3400,304.5300
2015-03-01,301.6200,302.9000,301.6200,302.8800
2015-02-27,302.6100,303.4500,302.1600,302.3300
2015-02-26,304.5700,304.7200,302.2300,302.6700
2015-02-25,305.1000,305.5800,304.1200,304.4300
2015-02-24,305.4300,306.1000,304.6700,305.1500
2015-02-23,305.0300,306.1700,304.5500,305.4700
2015-02-22,304.7400,305.5300,304.4200,305.1000
2015-02-21,304.8400,304.8400,304.8400,304.8400
2015-02-20,305.4200,306.5400,303.9000,305.1200
2015-02-19,305.8200,306.4800,304.1900,305.4000
2015-02-18,307.6600,308.7700,305.2300,305.8500
2015-02-17,306.3300,308.1500,306.2400,307.5300
2015-02-16,306.0800,307.2100,305.6100,306.3500
2015-02-15,305.6000,306.3200,305.6000,306.0900
2015-02-13,305.5400,307.0300,305.2700,305.5100
2015-02-12,308.8800,309.6400,305.4500,305.7000
2015-02-11,308.4000,310.6700,308.2100,308.8500
2015-02-10,307.5700,310.6900,307.0100,308.5700
2015-02-09,305.7200,308.9200,305.4000,307.4200
2015-02-08,305.5000,306.4300,305.4500,305.7200
2015-02-06,306.6800,307.5900,305.2700,305.8400
2015-02-05,308.5400,309.3200,305.6300,306.6200
2015-02-04,308.5500,309.4300,307.0500,308.5600
2015-02-03,310.3200,310.9500,308.1400,308.5500
2015-02-02,310.6900,311.5800,309.6700,310.5000
2015-02-01,310.5900,310.8600,310.5500,310.5900
2015-01-31,310.2100,310.3200,310.2100,310.3200
2015-01-30,310.7200,312.2900,310.0200,310.2100
2015-01-29,312.2100,313.2200,310.1400,310.6200
2015-01-28,311.0300,312.8800,310.0300,312.1200
2015-01-27,310.6900,312.8000,310.4600,311.0600
2015-01-26,309.4200,312.2000,309.3800,310.7300
2015-01-25,309.7800,309.8300,309.2300,309.3900
2015-01-24,309.3500,309.3500,309.3500,309.3500
2015-01-23,312.2200,312.7200,309.0200,309.3300
2015-01-22,315.0100,315.8100,311.9100,312.0300
2015-01-21,315.9600,316.7200,313.8200,314.9400
2015-01-20,319.4900,320.2500,315.3600,315.7800
2015-01-19,318.7300,320.2200,317.7200,319.7900
2015-01-18,317.8900,319.1700,317.8900,318.7400
2015-01-16,322.6700,323.9000,317.9500,318.4200
2015-01-15,319.5400,326.8300,318.3600,322.6300
2015-01-14,318.1900,320.7500,317.8900,319.3700
2015-01-13,317.1700,319.1200,316.8700,318.0500
2015-01-12,316.8100,319.3900,316.1400,317.1900
2015-01-11,316.3900,316.8300,316.2400,316.2900
2015-01-09,315.6900,318.1800,315.4800,316.5800
2015-01-08,317.8600,318.3100,315.4500,315.8600
2015-01-07,319.7500,320.8800,317.4200,317.7600
2015-01-06,317.6800,320.7000,316.9500,319.5400
2015-01-05,318.2700,321.0300,316.8200,317.4900
2015-01-04,317.9800,318.1700,317.4800,318.0500
2015-01-02,315.8300,319.6900,315.3700,317.8700
2015-01-01,315.9800,316.4300,315.6300,315.8000
2014-12-31,314.5900,316.7700,314.1500,315.9600
2014-12-30,314.3800,315.3600,313.8400,314.5000
2014-12-26,316.6800,317.3100,316.2200,316.7100
2014-12-25,316.3100,316.9700,316.2500,316.7000
2014-12-24,315.8800,316.9000,314.4600,316.3200
2014-12-23,313.4500,316.1600,313.0800,315.6700
2014-12-22,315.3900,316.8800,313.2800,313.4000
2014-12-21,315.1300,315.8600,315.1300,315.2800
2014-12-19,314.6500,316.9300,312.9200,315.3500
2014-12-18,313.8100,315.5700,312.6100,314.5900
2014-12-17,312.1200,315.3900,311.1500,313.8800
2014-12-16,308.7400,314.3200,308.1400,312.0200
2014-12-15,308.1700,310.7000,307.2500,308.7400
2014-12-14,307.2500,308.2300,307.2500,308.0200
2014-12-12,307.7200,309.2000,307.4800,308.6200
2014-12-11,306.7300,308.2500,306.4200,307.7300
2014-12-10,305.8200,307.4100,305.6600,306.8200
2014-12-09,305.9800,306.6500,304.8800,305.7900
2014-12-08,305.6700,306.7000,305.4600,305.9200
2014-12-07,305.5200,306.2100,305.3700,305.6200
2014-12-05,306.8800,307.4900,305.2600,306.5500
2014-12-04,306.8400,307.5300,306.2500,306.5400
2014-12-03,306.9600,307.5100,306.2000,306.8500
2014-12-02,306.0600,307.5100,305.7300,306.9300
2014-12-01,306.0200,307.1000,305.6400,306.0500
2014-11-30,306.1300,306.1300,305.7100,305.8700
2014-11-28,306.9300,307.7100,305.6500,306.4500
2014-11-27,306.7500,307.4600,306.4100,306.9700
2014-11-26,306.1100,307.1900,305.6700,306.7000
2014-11-25,305.4400,306.6400,305.2500,306.1000
2014-11-24,305.5900,305.8500,305.1200,305.5000
2014-11-23,303.7600,304.0600,303.6500,303.8800
2014-11-21,304.3000,304.8500,303.7100,303.9800
2014-11-20,304.9900,305.2100,304.1000,304.2500
2014-11-19,305.4900,305.7900,304.1300,304.9500
2014-11-18,306.2300,306.5000,305.1100,305.6100
2014-11-17,305.9600,306.5400,305.4500,306.2300
2014-11-16,305.5200,306.0000,305.3500,305.9000
2014-11-14,305.4800,306.3200,304.7000,306.0000
2014-11-13,306.1200,306.6300,305.1300,305.4300
2014-11-12,307.3700,307.7900,305.9200,306.1900
2014-11-11,307.2900,307.6800,306.9600,307.3800
2014-11-10,308.4400,309.3000,306.3500,306.9600
2014-11-09,308.9400,309.1600,308.1900,308.3200
2014-11-07,309.0400,309.8500,308.4800,309.8500
